No.,date,wind_code,sec_name
1,2018/10/21,000001.SZ,平安银行
2,2018/10/21,000002.SZ,万科A
3,2018/10/21,000006.SZ,深振业A
4,2018/10/21,000008.SZ,神州高铁
5,2018/10/21,000009.SZ,中国宝安
6,2018/10/21,000012.SZ,南玻A
7,2018/10/21,000021.SZ,深科技
8,2018/10/21,000025.SZ,特力A
9,2018/10/21,000027.SZ,深圳能源
10,2018/10/21,000028.SZ,国药一致
11,2018/10/21,000031.SZ,中粮地产
12,2018/10/21,000039.SZ,中集集团
13,2018/10/21,000049.SZ,德赛电池
14,2018/10/21,000060.SZ,中金岭南
15,2018/10/21,000061.SZ,农产品
16,2018/10/21,000062.SZ,深圳华强
17,2018/10/21,000063.SZ,中兴通讯
18,2018/10/21,000066.SZ,中国长城
19,2018/10/21,000069.SZ,华侨城A
20,2018/10/21,000078.SZ,海王生物
21,2018/10/21,000089.SZ,深圳机场
22,2018/10/21,000090.SZ,天健集团
23,2018/10/21,000100.SZ,TCL集团
24,2018/10/21,000156.SZ,华数传媒
25,2018/10/21,000157.SZ,中联重科
26,2018/10/21,000158.SZ,常山北明
27,2018/10/21,000166.SZ,申万宏源
28,2018/10/21,000333.SZ,美的集团
29,2018/10/21,000338.SZ,潍柴动力
30,2018/10/21,000400.SZ,许继电气
31,2018/10/21,000401.SZ,冀东水泥
32,2018/10/21,000402.SZ,金融街
33,2018/10/21,000413.SZ,东旭光电
34,2018/10/21,000415.SZ,渤海金控
35,2018/10/21,000418.SZ,小天鹅A
36,2018/10/21,000423.SZ,东阿阿胶
37,2018/10/21,000425.SZ,徐工机械
38,2018/10/21,000426.SZ,兴业矿业
39,2018/10/21,000488.SZ,晨鸣纸业
40,2018/10/21,000501.SZ,鄂武商A
41,2018/10/21,000503.SZ,国新健康
42,2018/10/21,000513.SZ,丽珠集团
43,2018/10/21,000519.SZ,中兵红箭
44,2018/10/21,000528.SZ,柳工
45,2018/10/21,000536.SZ,华映科技
46,2018/10/21,000538.SZ,云南白药
47,2018/10/21,000540.SZ,中天金融
48,2018/10/21,000541.SZ,佛山照明
49,2018/10/21,000543.SZ,皖能电力
50,2018/10/21,000547.SZ,航天发展
51,2018/10/21,000552.SZ,靖远煤电
52,2018/10/21,000553.SZ,沙隆达A
53,2018/10/21,000559.SZ,万向钱潮
54,2018/10/21,000563.SZ,陕国投A
55,2018/10/21,000566.SZ,海南海药
56,2018/10/21,000568.SZ,泸州老窖
57,2018/10/21,000572.SZ,海马汽车
58,2018/10/21,000581.SZ,威孚高科
59,2018/10/21,000587.SZ,金洲慈航
60,2018/10/21,000592.SZ,平潭发展
61,2018/10/21,000596.SZ,古井贡酒
62,2018/10/21,000598.SZ,兴蓉环境
63,2018/10/21,000600.SZ,建投能源
64,2018/10/21,000612.SZ,焦作万方
65,2018/10/21,000623.SZ,吉林敖东
66,2018/10/21,000625.SZ,长安汽车
67,2018/10/21,000627.SZ,天茂集团
68,2018/10/21,000630.SZ,铜陵有色
69,2018/10/21,000636.SZ,风华高科
70,2018/10/21,000651.SZ,格力电器
71,2018/10/21,000656.SZ,金科股份
72,2018/10/21,000661.SZ,长春高新
73,2018/10/21,000667.SZ,美好置业
74,2018/10/21,000671.SZ,阳光城
75,2018/10/21,000681.SZ,视觉中国
76,2018/10/21,000685.SZ,中山公用
77,2018/10/21,000686.SZ,东北证券
78,2018/10/21,000690.SZ,宝新能源
79,2018/10/21,000703.SZ,恒逸石化
80,2018/10/21,000709.SZ,河钢股份
81,2018/10/21,000712.SZ,锦龙股份
82,2018/10/21,000718.SZ,苏宁环球
83,2018/10/21,000723.SZ,美锦能源
84,2018/10/21,000725.SZ,京东方A
85,2018/10/21,000727.SZ,华东科技
86,2018/10/21,000728.SZ,国元证券
87,2018/10/21,000729.SZ,燕京啤酒
88,2018/10/21,000732.SZ,泰禾集团
89,2018/10/21,000738.SZ,航发控制
90,2018/10/21,000750.SZ,国海证券
91,2018/10/21,000758.SZ,中色股份
92,2018/10/21,000761.SZ,本钢板材
93,2018/10/21,000762.SZ,西藏矿业
94,2018/10/21,000766.SZ,通化金马
95,2018/10/21,000768.SZ,中航飞机
96,2018/10/21,000776.SZ,广发证券
97,2018/10/21,000778.SZ,新兴铸管
98,2018/10/21,000783.SZ,长江证券
99,2018/10/21,000786.SZ,北新建材
100,2018/10/21,000792.SZ,盐湖股份
101,2018/10/21,000806.SZ,银河生物
102,2018/10/21,000807.SZ,云铝股份
103,2018/10/21,000813.SZ,德展健康
104,2018/10/21,000825.SZ,太钢不锈
105,2018/10/21,000826.SZ,启迪桑德
106,2018/10/21,000829.SZ,天音控股
107,2018/10/21,000830.SZ,鲁西化工
108,2018/10/21,000839.SZ,中信国安
109,2018/10/21,000848.SZ,承德露露
110,2018/10/21,000858.SZ,五粮液
111,2018/10/21,000860.SZ,顺鑫农业
112,2018/10/21,000876.SZ,新希望
113,2018/10/21,000877.SZ,天山股份
114,2018/10/21,000878.SZ,云南铜业
115,2018/10/21,000887.SZ,中鼎股份
116,2018/10/21,000895.SZ,双汇发展
117,2018/10/21,000898.SZ,鞍钢股份
118,2018/10/21,000926.SZ,福星股份
119,2018/10/21,000930.SZ,中粮生化
120,2018/10/21,000937.SZ,冀中能源
121,2018/10/21,000938.SZ,紫光股份
122,2018/10/21,000959.SZ,首钢股份
123,2018/10/21,000960.SZ,锡业股份
124,2018/10/21,000961.SZ,中南建设
125,2018/10/21,000963.SZ,华东医药
126,2018/10/21,000969.SZ,安泰科技
127,2018/10/21,000970.SZ,中科三环
128,2018/10/21,000975.SZ,银泰资源
129,2018/10/21,000977.SZ,浪潮信息
130,2018/10/21,000979.SZ,中弘股份
131,2018/10/21,000980.SZ,众泰汽车
132,2018/10/21,000983.SZ,西山煤电
133,2018/10/21,000987.SZ,越秀金控
134,2018/10/21,000988.SZ,华工科技
135,2018/10/21,000990.SZ,诚志股份
136,2018/10/21,000997.SZ,新大陆
137,2018/10/21,000999.SZ,华润三九
138,2018/10/21,001696.SZ,宗申动力
139,2018/10/21,001965.SZ,招商公路
140,2018/10/21,001979.SZ,招商蛇口
141,2018/10/21,002002.SZ,鸿达兴业
142,2018/10/21,002004.SZ,华邦健康
143,2018/10/21,002007.SZ,华兰生物
144,2018/10/21,002008.SZ,大族激光
145,2018/10/21,002011.SZ,盾安环境
146,2018/10/21,002013.SZ,中航机电
147,2018/10/21,002019.SZ,亿帆医药
148,2018/10/21,002022.SZ,科华生物
149,2018/10/21,002024.SZ,苏宁易购
150,2018/10/21,002027.SZ,分众传媒
151,2018/10/21,002028.SZ,思源电气
152,2018/10/21,002030.SZ,达安基因
153,2018/10/21,002038.SZ,双鹭药业
154,2018/10/21,002041.SZ,登海种业
155,2018/10/21,002044.SZ,美年健康
156,2018/10/21,002048.SZ,宁波华翔
157,2018/10/21,002049.SZ,紫光国微
158,2018/10/21,002050.SZ,三花智控
159,2018/10/21,002051.SZ,中工国际
160,2018/10/21,002056.SZ,横店东磁
161,2018/10/21,002064.SZ,华峰氨纶
162,2018/10/21,002065.SZ,东华软件
163,2018/10/21,002073.SZ,软控股份
164,2018/10/21,002074.SZ,国轩高科
165,2018/10/21,002078.SZ,太阳纸业
166,2018/10/21,002081.SZ,金螳螂
167,2018/10/21,002085.SZ,万丰奥威
168,2018/10/21,002092.SZ,中泰化学
169,2018/10/21,002093.SZ,国脉科技
170,2018/10/21,002110.SZ,三钢闽光
171,2018/10/21,002118.SZ,紫鑫药业
172,2018/10/21,002127.SZ,南极电商
173,2018/10/21,002128.SZ,露天煤业
174,2018/10/21,002129.SZ,中环股份
175,2018/10/21,002131.SZ,利欧股份
176,2018/10/21,002142.SZ,宁波银行
177,2018/10/21,002146.SZ,荣盛发展
178,2018/10/21,002147.SZ,新光圆成
179,2018/10/21,002152.SZ,广电运通
180,2018/10/21,002153.SZ,石基信息
181,2018/10/21,002155.SZ,湖南黄金
182,2018/10/21,002174.SZ,游族网络
183,2018/10/21,002176.SZ,江特电机
184,2018/10/21,002179.SZ,中航光电
185,2018/10/21,002180.SZ,纳思达
186,2018/10/21,002183.SZ,怡亚通
187,2018/10/21,002190.SZ,成飞集成
188,2018/10/21,002191.SZ,劲嘉股份
189,2018/10/21,002195.SZ,二三四五
190,2018/10/21,002202.SZ,金风科技
191,2018/10/21,002212.SZ,南洋股份
192,2018/10/21,002221.SZ,东华能源
193,2018/10/21,002223.SZ,鱼跃医疗
194,2018/10/21,002230.SZ,科大讯飞
195,2018/10/21,002233.SZ,塔牌集团
196,2018/10/21,002236.SZ,大华股份
197,2018/10/21,002241.SZ,歌尔股份
198,2018/10/21,002242.SZ,九阳股份
199,2018/10/21,002244.SZ,滨江集团
200,2018/10/21,002249.SZ,大洋电机
201,2018/10/21,002250.SZ,联化科技
202,2018/10/21,002251.SZ,步步高
203,2018/10/21,002252.SZ,上海莱士
204,2018/10/21,002254.SZ,泰和新材
205,2018/10/21,002261.SZ,拓维信息
206,2018/10/21,002266.SZ,浙富控股
207,2018/10/21,002268.SZ,卫士通
208,2018/10/21,002273.SZ,水晶光电
209,2018/10/21,002276.SZ,万马股份
210,2018/10/21,002277.SZ,友阿股份
211,2018/10/21,002280.SZ,联络互动
212,2018/10/21,002281.SZ,光迅科技
213,2018/10/21,002285.SZ,世联行
214,2018/10/21,002294.SZ,信立泰
215,2018/10/21,002299.SZ,圣农发展
216,2018/10/21,002302.SZ,西部建设
217,2018/10/21,002304.SZ,洋河股份
218,2018/10/21,002308.SZ,威创股份
219,2018/10/21,002310.SZ,东方园林
220,2018/10/21,002317.SZ,众生药业
221,2018/10/21,002332.SZ,仙琚制药
222,2018/10/21,002340.SZ,格林美
223,2018/10/21,002342.SZ,巨力索具
224,2018/10/21,002344.SZ,海宁皮城
225,2018/10/21,002345.SZ,潮宏基
226,2018/10/21,002352.SZ,顺丰控股
227,2018/10/21,002353.SZ,杰瑞股份
228,2018/10/21,002354.SZ,天神娱乐
229,2018/10/21,002358.SZ,森源电气
230,2018/10/21,002359.SZ,北讯集团
231,2018/10/21,002366.SZ,台海核电
232,2018/10/21,002368.SZ,太极股份
233,2018/10/21,002371.SZ,北方华创
234,2018/10/21,002373.SZ,千方科技
235,2018/10/21,002375.SZ,亚厦股份
236,2018/10/21,002384.SZ,东山精密
237,2018/10/21,002385.SZ,大北农
238,2018/10/21,002390.SZ,信邦制药
239,2018/10/21,002399.SZ,海普瑞
240,2018/10/21,002400.SZ,省广集团
241,2018/10/21,002407.SZ,多氟多
242,2018/10/21,002408.SZ,齐翔腾达
243,2018/10/21,002410.SZ,广联达
244,2018/10/21,002411.SZ,必康股份
245,2018/10/21,002414.SZ,高德红外
246,2018/10/21,002415.SZ,海康威视
247,2018/10/21,002416.SZ,爱施德
248,2018/10/21,002424.SZ,贵州百灵
249,2018/10/21,002426.SZ,胜利精密
250,2018/10/21,002428.SZ,云南锗业
251,2018/10/21,002431.SZ,棕榈股份
252,2018/10/21,002434.SZ,万里扬
253,2018/10/21,002437.SZ,誉衡药业
254,2018/10/21,002439.SZ,启明星辰
255,2018/10/21,002440.SZ,闰土股份
256,2018/10/21,002444.SZ,巨星科技
257,2018/10/21,002450.SZ,康得新
258,2018/10/21,002456.SZ,欧菲科技
259,2018/10/21,002460.SZ,赣锋锂业
260,2018/10/21,002463.SZ,沪电股份
261,2018/10/21,002465.SZ,海格通信
262,2018/10/21,002466.SZ,天齐锂业
263,2018/10/21,002468.SZ,申通快递
264,2018/10/21,002470.SZ,金正大
265,2018/10/21,002475.SZ,立讯精密
266,2018/10/21,002477.SZ,雏鹰农牧
267,2018/10/21,002479.SZ,富春环保
268,2018/10/21,002482.SZ,广田集团
269,2018/10/21,002489.SZ,浙江永强
270,2018/10/21,002491.SZ,通鼎互联
271,2018/10/21,002493.SZ,荣盛石化
272,2018/10/21,002500.SZ,山西证券
273,2018/10/21,002503.SZ,搜于特
274,2018/10/21,002505.SZ,大康农业
275,2018/10/21,002506.SZ,协鑫集成
276,2018/10/21,002508.SZ,老板电器
277,2018/10/21,002509.SZ,天广中茂
278,2018/10/21,002512.SZ,达华智能
279,2018/10/21,002517.SZ,恺英网络
280,2018/10/21,002544.SZ,杰赛科技
281,2018/10/21,002555.SZ,三七互娱
282,2018/10/21,002558.SZ,巨人网络
283,2018/10/21,002563.SZ,森马服饰
284,2018/10/21,002572.SZ,索菲亚
285,2018/10/21,002573.SZ,清新环境
286,2018/10/21,002583.SZ,海能达
287,2018/10/21,002588.SZ,史丹利
288,2018/10/21,002589.SZ,瑞康医药
289,2018/10/21,002594.SZ,比亚迪
290,2018/10/21,002600.SZ,领益智造
291,2018/10/21,002601.SZ,龙蟒佰利
292,2018/10/21,002602.SZ,世纪华通
293,2018/10/21,002603.SZ,以岭药业
294,2018/10/21,002608.SZ,江苏国信
295,2018/10/21,002624.SZ,完美世界
296,2018/10/21,002625.SZ,光启技术
297,2018/10/21,002635.SZ,安洁科技
298,2018/10/21,002640.SZ,跨境通
299,2018/10/21,002642.SZ,荣之联
300,2018/10/21,002657.SZ,中科金财
301,2018/10/21,002663.SZ,普邦股份
302,2018/10/21,002665.SZ,首航节能
303,2018/10/21,002670.SZ,国盛金控
304,2018/10/21,002672.SZ,东江环保
305,2018/10/21,002673.SZ,西部证券
306,2018/10/21,002681.SZ,奋达科技
307,2018/10/21,002690.SZ,美亚光电
308,2018/10/21,002699.SZ,美盛文化
309,2018/10/21,002701.SZ,奥瑞金
310,2018/10/21,002707.SZ,众信旅游
311,2018/10/21,002709.SZ,天赐材料
312,2018/10/21,002714.SZ,牧原股份
313,2018/10/21,002736.SZ,国信证券
314,2018/10/21,002739.SZ,万达电影
315,2018/10/21,002745.SZ,木林森
316,2018/10/21,002797.SZ,第一创业
317,2018/10/21,002807.SZ,江阴银行
318,2018/10/21,002815.SZ,崇达技术
319,2018/10/21,002818.SZ,富森美
320,2018/10/21,002831.SZ,裕同科技
321,2018/10/21,002839.SZ,张家港行
322,2018/10/21,002841.SZ,视源股份
323,2018/10/21,002916.SZ,深南电路
324,2018/10/21,002920.SZ,德赛西威
325,2018/10/21,002925.SZ,盈趣科技
326,2018/10/21,300001.SZ,特锐德
327,2018/10/21,300002.SZ,神州泰岳
328,2018/10/21,300003.SZ,乐普医疗
329,2018/10/21,300010.SZ,立思辰
330,2018/10/21,300015.SZ,爱尔眼科
331,2018/10/21,300017.SZ,网宿科技
332,2018/10/21,300024.SZ,机器人
333,2018/10/21,300026.SZ,红日药业
334,2018/10/21,300027.SZ,华谊兄弟
335,2018/10/21,300032.SZ,金龙机电
336,2018/10/21,300033.SZ,同花顺
337,2018/10/21,300039.SZ,上海凯宝
338,2018/10/21,300043.SZ,星辉娱乐
339,2018/10/21,300055.SZ,万邦达
340,2018/10/21,300058.SZ,蓝色光标
341,2018/10/21,300059.SZ,东方财富
342,2018/10/21,300070.SZ,碧水源
343,2018/10/21,300072.SZ,三聚环保
344,2018/10/21,300088.SZ,长信科技
345,2018/10/21,300113.SZ,顺网科技
346,2018/10/21,300115.SZ,长盈精密
347,2018/10/21,300116.SZ,坚瑞沃能
348,2018/10/21,300122.SZ,智飞生物
349,2018/10/21,300124.SZ,汇川技术
350,2018/10/21,300133.SZ,华策影视
351,2018/10/21,300134.SZ,大富科技
352,2018/10/21,300136.SZ,信维通信
353,2018/10/21,300144.SZ,宋城演艺
354,2018/10/21,300146.SZ,汤臣倍健
355,2018/10/21,300156.SZ,神雾环保
356,2018/10/21,300159.SZ,新研股份
357,2018/10/21,300166.SZ,东方国信
358,2018/10/21,300182.SZ,捷成股份
359,2018/10/21,300197.SZ,铁汉生态
360,2018/10/21,300199.SZ,翰宇药业
361,2018/10/21,300202.SZ,聚龙股份
362,2018/10/21,300244.SZ,迪安诊断
363,2018/10/21,300251.SZ,光线传媒
364,2018/10/21,300253.SZ,卫宁健康
365,2018/10/21,300257.SZ,开山股份
366,2018/10/21,300266.SZ,兴源环境
367,2018/10/21,300273.SZ,和佳股份
368,2018/10/21,300274.SZ,阳光电源
369,2018/10/21,300287.SZ,飞利信
370,2018/10/21,300291.SZ,华录百纳
371,2018/10/21,300297.SZ,蓝盾股份
372,2018/10/21,300308.SZ,中际旭创
373,2018/10/21,300315.SZ,掌趣科技
374,2018/10/21,300324.SZ,旋极信息
375,2018/10/21,300376.SZ,易事特
376,2018/10/21,300383.SZ,光环新网
377,2018/10/21,300408.SZ,三环集团
378,2018/10/21,300418.SZ,昆仑万维
379,2018/10/21,300433.SZ,蓝思科技
380,2018/10/21,600000.SH,浦发银行
381,2018/10/21,600004.SH,白云机场
382,2018/10/21,600006.SH,东风汽车
383,2018/10/21,600008.SH,首创股份
384,2018/10/21,600009.SH,上海机场
385,2018/10/21,600010.SH,包钢股份
386,2018/10/21,600011.SH,华能国际
387,2018/10/21,600015.SH,华夏银行
388,2018/10/21,600016.SH,民生银行
389,2018/10/21,600017.SH,日照港
390,2018/10/21,600018.SH,上港集团
391,2018/10/21,600019.SH,宝钢股份
392,2018/10/21,600021.SH,上海电力
393,2018/10/21,600022.SH,山东钢铁
394,2018/10/21,600023.SH,浙能电力
395,2018/10/21,600025.SH,华能水电
396,2018/10/21,600026.SH,中远海能
397,2018/10/21,600028.SH,中国石化
398,2018/10/21,600029.SH,南方航空
399,2018/10/21,600030.SH,中信证券
400,2018/10/21,600031.SH,三一重工
401,2018/10/21,600036.SH,招商银行
402,2018/10/21,600037.SH,歌华有线
403,2018/10/21,600038.SH,中直股份
404,2018/10/21,600039.SH,四川路桥
405,2018/10/21,600048.SH,保利地产
406,2018/10/21,600050.SH,中国联通
407,2018/10/21,600053.SH,九鼎投资
408,2018/10/21,600056.SH,中国医药
409,2018/10/21,600058.SH,五矿发展
410,2018/10/21,600060.SH,海信电器
411,2018/10/21,600061.SH,国投资本
412,2018/10/21,600062.SH,华润双鹤
413,2018/10/21,600064.SH,南京高科
414,2018/10/21,600066.SH,宇通客车
415,2018/10/21,600068.SH,葛洲坝
416,2018/10/21,600073.SH,上海梅林
417,2018/10/21,600079.SH,人福医药
418,2018/10/21,600085.SH,同仁堂
419,2018/10/21,600086.SH,东方金钰
420,2018/10/21,600089.SH,特变电工
421,2018/10/21,600094.SH,大名城
422,2018/10/21,600098.SH,广州发展
423,2018/10/21,600100.SH,同方股份
424,2018/10/21,600104.SH,上汽集团
425,2018/10/21,600108.SH,亚盛集团
426,2018/10/21,600109.SH,国金证券
427,2018/10/21,600111.SH,北方稀土
428,2018/10/21,600115.SH,东方航空
429,2018/10/21,600118.SH,中国卫星
430,2018/10/21,600120.SH,浙江东方
431,2018/10/21,600122.SH,宏图高科
432,2018/10/21,600125.SH,铁龙物流
433,2018/10/21,600126.SH,杭钢股份
434,2018/10/21,600138.SH,中青旅
435,2018/10/21,600141.SH,兴发集团
436,2018/10/21,600143.SH,金发科技
437,2018/10/21,600151.SH,航天机电
438,2018/10/21,600153.SH,建发股份
439,2018/10/21,600155.SH,华创阳安
440,2018/10/21,600157.SH,永泰能源
441,2018/10/21,600158.SH,中体产业
442,2018/10/21,600160.SH,巨化股份
443,2018/10/21,600161.SH,天坛生物
444,2018/10/21,600166.SH,福田汽车
445,2018/10/21,600167.SH,联美控股
446,2018/10/21,600169.SH,太原重工
447,2018/10/21,600170.SH,上海建工
448,2018/10/21,600171.SH,上海贝岭
449,2018/10/21,600176.SH,中国巨石
450,2018/10/21,600177.SH,雅戈尔
451,2018/10/21,600179.SH,安通控股
452,2018/10/21,600183.SH,生益科技
453,2018/10/21,600184.SH,光电股份
454,2018/10/21,600187.SH,国中水务
455,2018/10/21,600188.SH,兖州煤业
456,2018/10/21,600195.SH,中牧股份
457,2018/10/21,600196.SH,复星医药
458,2018/10/21,600201.SH,生物股份
459,2018/10/21,600208.SH,新湖中宝
460,2018/10/21,600216.SH,浙江医药
461,2018/10/21,600219.SH,南山铝业
462,2018/10/21,600221.SH,海航控股
463,2018/10/21,600233.SH,圆通速递
464,2018/10/21,600240.SH,华业资本
465,2018/10/21,600256.SH,广汇能源
466,2018/10/21,600258.SH,首旅酒店
467,2018/10/21,600259.SH,广晟有色
468,2018/10/21,600260.SH,凯乐科技
469,2018/10/21,600266.SH,北京城建
470,2018/10/21,600267.SH,海正药业
471,2018/10/21,600270.SH,外运发展
472,2018/10/21,600271.SH,航天信息
473,2018/10/21,600276.SH,恒瑞医药
474,2018/10/21,600277.SH,亿利洁能
475,2018/10/21,600280.SH,中央商场
476,2018/10/21,600282.SH,南钢股份
477,2018/10/21,600291.SH,西水股份
478,2018/10/21,600292.SH,远达环保
479,2018/10/21,600297.SH,广汇汽车
480,2018/10/21,600298.SH,安琪酵母
481,2018/10/21,600300.SH,维维股份
482,2018/10/21,600307.SH,酒钢宏兴
483,2018/10/21,600309.SH,万华化学
484,2018/10/21,600312.SH,平高电气
485,2018/10/21,600315.SH,上海家化
486,2018/10/21,600316.SH,洪都航空
487,2018/10/21,600317.SH,营口港
488,2018/10/21,600325.SH,华发股份
489,2018/10/21,600329.SH,中新药业
490,2018/10/21,600332.SH,白云山
491,2018/10/21,600335.SH,国机汽车
492,2018/10/21,600338.SH,西藏珠峰
493,2018/10/21,600339.SH,中油工程
494,2018/10/21,600340.SH,华夏幸福
495,2018/10/21,600346.SH,恒力股份
496,2018/10/21,600348.SH,阳泉煤业
497,2018/10/21,600350.SH,山东高速
498,2018/10/21,600352.SH,浙江龙盛
499,2018/10/21,600362.SH,江西铜业
500,2018/10/21,600366.SH,宁波韵升
501,2018/10/21,600369.SH,西南证券
502,2018/10/21,600372.SH,中航电子
503,2018/10/21,600373.SH,中文传媒
504,2018/10/21,600376.SH,首开股份
505,2018/10/21,600380.SH,健康元
506,2018/10/21,600383.SH,金地集团
507,2018/10/21,600388.SH,龙净环保
508,2018/10/21,600390.SH,五矿资本
509,2018/10/21,600392.SH,盛和资源
510,2018/10/21,600393.SH,粤泰股份
511,2018/10/21,600395.SH,盘江股份
512,2018/10/21,600398.SH,海澜之家
513,2018/10/21,600406.SH,国电南瑞
514,2018/10/21,600409.SH,三友化工
515,2018/10/21,600410.SH,华胜天成
516,2018/10/21,600415.SH,小商品城
517,2018/10/21,600416.SH,湘电股份
518,2018/10/21,600418.SH,江淮汽车
519,2018/10/21,600422.SH,昆药集团
520,2018/10/21,600426.SH,华鲁恒升
521,2018/10/21,600428.SH,中远海特
522,2018/10/21,600435.SH,北方导航
523,2018/10/21,600436.SH,片仔癀
524,2018/10/21,600438.SH,通威股份
525,2018/10/21,600458.SH,时代新材
526,2018/10/21,600460.SH,士兰微
527,2018/10/21,600466.SH,蓝光发展
528,2018/10/21,600478.SH,科力远
529,2018/10/21,600481.SH,双良节能
530,2018/10/21,600482.SH,中国动力
531,2018/10/21,600487.SH,亨通光电
532,2018/10/21,600489.SH,中金黄金
533,2018/10/21,600498.SH,烽火通信
534,2018/10/21,600499.SH,科达洁能
535,2018/10/21,600500.SH,中化国际
536,2018/10/21,600503.SH,华丽家族
537,2018/10/21,600511.SH,国药股份
538,2018/10/21,600516.SH,方大炭素
539,2018/10/21,600517.SH,置信电气
540,2018/10/21,600518.SH,康美药业
541,2018/10/21,600519.SH,贵州茅台
542,2018/10/21,600521.SH,华海药业
543,2018/10/21,600522.SH,中天科技
544,2018/10/21,600525.SH,长园集团
545,2018/10/21,600528.SH,中铁工业
546,2018/10/21,600535.SH,天士力
547,2018/10/21,600536.SH,中国软件
548,2018/10/21,600545.SH,卓郎智能
549,2018/10/21,600547.SH,山东黄金
550,2018/10/21,600549.SH,厦门钨业
551,2018/10/21,600557.SH,康缘药业
552,2018/10/21,600563.SH,法拉电子
553,2018/10/21,600565.SH,迪马股份
554,2018/10/21,600570.SH,恒生电子
555,2018/10/21,600572.SH,康恩贝
556,2018/10/21,600575.SH,皖江物流
557,2018/10/21,600578.SH,京能电力
558,2018/10/21,600580.SH,卧龙电气
559,2018/10/21,600582.SH,天地科技
560,2018/10/21,600583.SH,海油工程
561,2018/10/21,600584.SH,长电科技
562,2018/10/21,600585.SH,海螺水泥
563,2018/10/21,600588.SH,用友网络
564,2018/10/21,600594.SH,益佰制药
565,2018/10/21,600597.SH,光明乳业
566,2018/10/21,600598.SH,北大荒
567,2018/10/21,600600.SH,青岛啤酒
568,2018/10/21,600606.SH,绿地控股
569,2018/10/21,600611.SH,大众交通
570,2018/10/21,600614.SH,鹏起科技
571,2018/10/21,600618.SH,氯碱化工
572,2018/10/21,600623.SH,华谊集团
573,2018/10/21,600633.SH,浙数文化
574,2018/10/21,600635.SH,大众公用
575,2018/10/21,600637.SH,东方明珠
576,2018/10/21,600639.SH,浦东金桥
577,2018/10/21,600640.SH,号百控股
578,2018/10/21,600642.SH,申能股份
579,2018/10/21,600643.SH,爱建集团
580,2018/10/21,600645.SH,中源协和
581,2018/10/21,600648.SH,外高桥
582,2018/10/21,600649.SH,城投控股
583,2018/10/21,600651.SH,飞乐音响
584,2018/10/21,600655.SH,豫园股份
585,2018/10/21,600657.SH,信达地产
586,2018/10/21,600660.SH,福耀玻璃
587,2018/10/21,600663.SH,陆家嘴
588,2018/10/21,600664.SH,哈药股份
589,2018/10/21,600673.SH,东阳光科
590,2018/10/21,600674.SH,川投能源
591,2018/10/21,600682.SH,南京新百
592,2018/10/21,600687.SH,刚泰控股
593,2018/10/21,600688.SH,上海石化
594,2018/10/21,600690.SH,青岛海尔
595,2018/10/21,600694.SH,大商股份
596,2018/10/21,600703.SH,三安光电
597,2018/10/21,600704.SH,物产中大
598,2018/10/21,600705.SH,中航资本
599,2018/10/21,600717.SH,天津港
600,2018/10/21,600718.SH,东软集团
601,2018/10/21,600729.SH,重庆百货
602,2018/10/21,600737.SH,中粮糖业
603,2018/10/21,600739.SH,辽宁成大
604,2018/10/21,600741.SH,华域汽车
605,2018/10/21,600743.SH,华远地产
606,2018/10/21,600748.SH,上实发展
607,2018/10/21,600750.SH,江中药业
608,2018/10/21,600751.SH,海航科技
609,2018/10/21,600754.SH,锦江股份
610,2018/10/21,600755.SH,厦门国贸
611,2018/10/21,600757.SH,长江传媒
612,2018/10/21,600759.SH,洲际油气
613,2018/10/21,600760.SH,中航沈飞
614,2018/10/21,600765.SH,中航重机
615,2018/10/21,600770.SH,综艺股份
616,2018/10/21,600773.SH,西藏城投
617,2018/10/21,600777.SH,新潮能源
618,2018/10/21,600787.SH,中储股份
619,2018/10/21,600795.SH,国电电力
620,2018/10/21,600801.SH,华新水泥
621,2018/10/21,600804.SH,鹏博士
622,2018/10/21,600808.SH,马钢股份
623,2018/10/21,600809.SH,山西汾酒
624,2018/10/21,600811.SH,东方集团
625,2018/10/21,600816.SH,安信信托
626,2018/10/21,600820.SH,隧道股份
627,2018/10/21,600823.SH,世茂股份
628,2018/10/21,600827.SH,百联股份
629,2018/10/21,600835.SH,上海机电
630,2018/10/21,600837.SH,海通证券
631,2018/10/21,600839.SH,四川长虹
632,2018/10/21,600848.SH,上海临港
633,2018/10/21,600859.SH,王府井
634,2018/10/21,600862.SH,中航高科
635,2018/10/21,600863.SH,内蒙华电
636,2018/10/21,600867.SH,通化东宝
637,2018/10/21,600869.SH,智慧能源
638,2018/10/21,600872.SH,中炬高新
639,2018/10/21,600874.SH,创业环保
640,2018/10/21,600875.SH,东方电气
641,2018/10/21,600879.SH,航天电子
642,2018/10/21,600881.SH,亚泰集团
643,2018/10/21,600884.SH,杉杉股份
644,2018/10/21,600885.SH,宏发股份
645,2018/10/21,600886.SH,国投电力
646,2018/10/21,600887.SH,伊利股份
647,2018/10/21,600893.SH,航发动力
648,2018/10/21,600895.SH,张江高科
649,2018/10/21,600900.SH,长江电力
650,2018/10/21,600908.SH,无锡银行
651,2018/10/21,600909.SH,华安证券
652,2018/10/21,600917.SH,重庆燃气
653,2018/10/21,600919.SH,江苏银行
654,2018/10/21,600926.SH,杭州银行
655,2018/10/21,600936.SH,广西广电
656,2018/10/21,600939.SH,重庆建工
657,2018/10/21,600958.SH,东方证券
658,2018/10/21,600959.SH,江苏有线
659,2018/10/21,600967.SH,内蒙一机
660,2018/10/21,600970.SH,中材国际
661,2018/10/21,600971.SH,恒源煤电
662,2018/10/21,600977.SH,中国电影
663,2018/10/21,600978.SH,宜华生活
664,2018/10/21,600993.SH,马应龙
665,2018/10/21,600996.SH,贵广网络
666,2018/10/21,600999.SH,招商证券
667,2018/10/21,601000.SH,唐山港
668,2018/10/21,601001.SH,大同煤业
669,2018/10/21,601006.SH,大秦铁路
670,2018/10/21,601009.SH,南京银行
671,2018/10/21,601012.SH,隆基股份
672,2018/10/21,601016.SH,节能风电
673,2018/10/21,601018.SH,宁波港
674,2018/10/21,601019.SH,山东出版
675,2018/10/21,601020.SH,华钰矿业
676,2018/10/21,601021.SH,春秋航空
677,2018/10/21,601088.SH,中国神华
678,2018/10/21,601098.SH,中南传媒
679,2018/10/21,601099.SH,太平洋
680,2018/10/21,601108.SH,财通证券
681,2018/10/21,601111.SH,中国国航
682,2018/10/21,601117.SH,中国化学
683,2018/10/21,601127.SH,小康股份
684,2018/10/21,601128.SH,常熟银行
685,2018/10/21,601155.SH,新城控股
686,2018/10/21,601166.SH,兴业银行
687,2018/10/21,601168.SH,西部矿业
688,2018/10/21,601169.SH,北京银行
689,2018/10/21,601179.SH,中国西电
690,2018/10/21,601186.SH,中国铁建
691,2018/10/21,601198.SH,东兴证券
692,2018/10/21,601200.SH,上海环境
693,2018/10/21,601211.SH,国泰君安
694,2018/10/21,601212.SH,白银有色
695,2018/10/21,601216.SH,君正集团
696,2018/10/21,601225.SH,陕西煤业
697,2018/10/21,601228.SH,广州港
698,2018/10/21,601229.SH,上海银行
699,2018/10/21,601233.SH,桐昆股份
700,2018/10/21,601238.SH,广汽集团
701,2018/10/21,601288.SH,农业银行
702,2018/10/21,601311.SH,骆驼股份
703,2018/10/21,601318.SH,中国平安
704,2018/10/21,601328.SH,交通银行
705,2018/10/21,601333.SH,广深铁路
706,2018/10/21,601336.SH,新华保险
707,2018/10/21,601360.SH,三六零
708,2018/10/21,601377.SH,兴业证券
709,2018/10/21,601390.SH,中国中铁
710,2018/10/21,601398.SH,工商银行
711,2018/10/21,601555.SH,东吴证券
712,2018/10/21,601600.SH,中国铝业
713,2018/10/21,601601.SH,中国太保
714,2018/10/21,601607.SH,上海医药
715,2018/10/21,601608.SH,中信重工
716,2018/10/21,601611.SH,中国核建
717,2018/10/21,601618.SH,中国中冶
718,2018/10/21,601628.SH,中国人寿
719,2018/10/21,601633.SH,长城汽车
720,2018/10/21,601668.SH,中国建筑
721,2018/10/21,601669.SH,中国电建
722,2018/10/21,601678.SH,滨化股份
723,2018/10/21,601688.SH,华泰证券
724,2018/10/21,601689.SH,拓普集团
725,2018/10/21,601717.SH,郑煤机
726,2018/10/21,601718.SH,际华集团
727,2018/10/21,601727.SH,上海电气
728,2018/10/21,601766.SH,中国中车
729,2018/10/21,601777.SH,力帆股份
730,2018/10/21,601788.SH,光大证券
731,2018/10/21,601800.SH,中国交建
732,2018/10/21,601801.SH,皖新传媒
733,2018/10/21,601808.SH,中海油服
734,2018/10/21,601811.SH,新华文轩
735,2018/10/21,601818.SH,光大银行
736,2018/10/21,601828.SH,美凯龙
737,2018/10/21,601838.SH,成都银行
738,2018/10/21,601857.SH,中国石油
739,2018/10/21,601866.SH,中远海发
740,2018/10/21,601872.SH,招商轮船
741,2018/10/21,601877.SH,正泰电器
742,2018/10/21,601878.SH,浙商证券
743,2018/10/21,601880.SH,大连港
744,2018/10/21,601881.SH,中国银河
745,2018/10/21,601888.SH,中国国旅
746,2018/10/21,601898.SH,中煤能源
747,2018/10/21,601899.SH,紫金矿业
748,2018/10/21,601901.SH,方正证券
749,2018/10/21,601919.SH,中远海控
750,2018/10/21,601928.SH,凤凰传媒
751,2018/10/21,601933.SH,永辉超市
752,2018/10/21,601939.SH,建设银行
753,2018/10/21,601958.SH,金钼股份
754,2018/10/21,601966.SH,玲珑轮胎
755,2018/10/21,601969.SH,海南矿业
756,2018/10/21,601985.SH,中国核电
757,2018/10/21,601988.SH,中国银行
758,2018/10/21,601989.SH,中国重工
759,2018/10/21,601991.SH,大唐发电
760,2018/10/21,601992.SH,金隅集团
761,2018/10/21,601997.SH,贵阳银行
762,2018/10/21,601998.SH,中信银行
763,2018/10/21,603000.SH,人民网
764,2018/10/21,603019.SH,中科曙光
765,2018/10/21,603025.SH,大豪科技
766,2018/10/21,603056.SH,德邦股份
767,2018/10/21,603077.SH,和邦生物
768,2018/10/21,603160.SH,汇顶科技
769,2018/10/21,603169.SH,兰石重装
770,2018/10/21,603188.SH,ST亚邦
771,2018/10/21,603198.SH,迎驾贡酒
772,2018/10/21,603225.SH,新凤鸣
773,2018/10/21,603228.SH,景旺电子
774,2018/10/21,603260.SH,合盛硅业
775,2018/10/21,603288.SH,海天味业
776,2018/10/21,603328.SH,依顿电子
777,2018/10/21,603355.SH,莱克电气
778,2018/10/21,603369.SH,今世缘
779,2018/10/21,603377.SH,东方时尚
780,2018/10/21,603444.SH,吉比特
781,2018/10/21,603515.SH,欧普照明
782,2018/10/21,603556.SH,海兴电力
783,2018/10/21,603568.SH,伟明环保
784,2018/10/21,603569.SH,长久物流
785,2018/10/21,603589.SH,口子窖
786,2018/10/21,603658.SH,安图生物
787,2018/10/21,603659.SH,璞泰来
788,2018/10/21,603766.SH,隆鑫通用
789,2018/10/21,603799.SH,华友钴业
790,2018/10/21,603806.SH,福斯特
791,2018/10/21,603816.SH,顾家家居
792,2018/10/21,603833.SH,欧派家居
793,2018/10/21,603858.SH,步长制药
794,2018/10/21,603868.SH,飞科电器
795,2018/10/21,603877.SH,太平鸟
796,2018/10/21,603883.SH,老百姓
797,2018/10/21,603885.SH,吉祥航空
798,2018/10/21,603888.SH,新华网
799,2018/10/21,603899.SH,晨光文具
800,2018/10/21,603993.SH,洛阳钼业
,,,
,,,
数据来源：Wind,,,
